Вакансия;Ссылка;Компания;З/П;Тип работы
DevOps with Cloud (AWS/Azure/GCP) Experience;https://jobs.dev.by//vacancies/23347;DataArt;$3800—5500;В офисе
Middle/Senior Java Developer (Finance Apps);https://jobs.dev.by//vacancies/23658;Netpeak Group ;до $5500;Удалённо
Ruby on Rails Developer;https://jobs.dev.by//vacancies/23380;Social Discovery Ventures;до $5000;В офисе
.NET Developer;https://jobs.dev.by//vacancies/23352;DataArt ;$3500—4500;Удалённо
Node.JS Software Engineer;https://jobs.dev.by//vacancies/19725;Social Discovery Ventures ;до $4500;Удалённо
Senior .Net developer (финтех проект);https://jobs.dev.by//vacancies/23229;Social Discovery Ventures ;до $4500;Удалённо
Senior JS Developer (ReactJS/React Native);https://jobs.dev.by//vacancies/19959;Social Discovery Ventures ;до $4500;Удалённо
Senior Full Stack .NET developer;https://jobs.dev.by//vacancies/23294;InterLogic;$3200—4000;В офисе
Vue Fullstack Engineer/Developer;https://jobs.dev.by//vacancies/22005;Flatlogic LLC ;$1500—4000;Удалённо
Project Manager/Руководитель проектов;https://jobs.dev.by//vacancies/23577;Flatlogic LLC;$1000—4000;В офисе
Middle/Senior Product Manager (Tonti Laguna Mobile);https://jobs.dev.by//vacancies/23694;Netpeak Group ;до $4000;Удалённо
Senior Front-end Developer (ReactJS);https://jobs.dev.by//vacancies/23165;Social Discovery Ventures ;до $4000;Удалённо
Middle Python Back End Engineer;https://jobs.dev.by//vacancies/22677;EVO ;$2500—3500;Удалённо
Middle DevOps Engineer;https://jobs.dev.by//vacancies/23297;InterLogic;$2400—3500;В офисе
Middle Android Developer;https://jobs.dev.by//vacancies/23089;EVO ;$2500—3000;Удалённо
eCommerce Project Leader (senior);https://jobs.dev.by//vacancies/23293;Scandiweb Bel ;$1400—3000;Удалённо
Middle front-end developer;https://jobs.dev.by//vacancies/21714;Coinchange ;$1100—2500;Удалённо
Senior PHP & Web developer;https://jobs.dev.by//vacancies/23291;Scandiweb Bel ;$1400—2000;Удалённо
Graphic Designer;https://jobs.dev.by//vacancies/23411;Scandiweb Bel ;$400—2000;Удалённо
Lead AI Architect;https://jobs.dev.by//vacancies/22770;Exelentex ;от $7000;Удалённо
Senior AI/ML engineer;https://jobs.dev.by//vacancies/22772;Exelentex ;от $5000;Удалённо
Midlevel AI/ML engineer;https://jobs.dev.by//vacancies/22773;Exelentex ;от $3000;Удалённо
Junior Project Leader (Trainee);https://jobs.dev.by//vacancies/21931;Scandiweb Bel ;от $480;Удалённо
Junior Web Developer (Trainee);https://jobs.dev.by//vacancies/21919;Scandiweb Bel ;от $480;Удалённо
Junior React Developer;https://jobs.dev.by//vacancies/21920;Scandiweb Bel ;от $480;Удалённо
Customer Support Specialist;https://jobs.dev.by//vacancies/22266;Currency.com;от $400;В офисе
Junior QA Specialist: For Manual Web Based Application Testing;https://jobs.dev.by//vacancies/21932;Scandiweb Bel ;от $350;Удалённо
Senior Product Designer (mobile apps, Fintech);https://jobs.dev.by//vacancies/21327;Netpeak Group ;не указанa;Удалённо
PHP developer;https://jobs.dev.by//vacancies/22908;SpiralScout ;не указанa;Удалённо
Data Analyst (Middle, Senior);https://jobs.dev.by//vacancies/22430;21vek.by ;не указанa;Удалённо
DevOps Engineer;https://jobs.dev.by//vacancies/23218;Start Matter ;не указанa;Удалённо
Sales Manager в Bamboo Apps;https://jobs.dev.by//vacancies/22081;Bamboo Group ;не указанa;Удалённо
Software Engineer (React Native);https://jobs.dev.by//vacancies/23459;Start Matter ;не указанa;Удалённо
Project manager;https://jobs.dev.by//vacancies/22636;SpiralScout ;не указанa;Удалённо
Middle/Senior Magento Front-End Developer;https://jobs.dev.by//vacancies/23665;Elogic Commerce ;не указанa;Удалённо
iOS Developer at Bamboo Apps (Tallinn);https://jobs.dev.by//vacancies/23693;Bamboo Group ;не указанa;Удалённо
Chief Technical Officer;https://jobs.dev.by//vacancies/22080;Bamboo Group ;не указанa;Удалённо
Embedded C Developer;https://jobs.dev.by//vacancies/23682;FLLC SEAVUS;не указанa;В офисе
Data Architect;https://jobs.dev.by//vacancies/23705;21vek.by ;не указанa;Удалённо
Backend Engineer (Node.js);https://jobs.dev.by//vacancies/22530;Bamboo Group ;не указанa;Удалённо
Middle/Senior Product Manager (Fintech);https://jobs.dev.by//vacancies/23695;Netpeak Group ;не указанa;Удалённо
Middle Java Developer;https://jobs.dev.by//vacancies/22707;СИСТЕМНЫЕ ТЕХНОЛОГИИ;не указанa;В офисе
Архитектор Big Data (Data Lake);https://jobs.dev.by//vacancies/23611;TemaBit Fozzy Group ;не указанa;Удалённо
React.js developer;https://jobs.dev.by//vacancies/23509;LANARS ;не указанa;Удалённо
Middle/Senior Full Stack Developer (React + .NET);https://jobs.dev.by//vacancies/23046;DigiTech7;не указанa;В офисе
Middle/Senior Magento Back-end Developer;https://jobs.dev.by//vacancies/23664;Elogic Commerce ;не указанa;Удалённо
Salesforce Developer Middle/Senior;https://jobs.dev.by//vacancies/17881;JET BI ;не указанa;Удалённо
Senior DevOps Engineer;https://jobs.dev.by//vacancies/21274;Forte Group;не указанa;В офисе
Middle/Senior Front-end Engineer;https://jobs.dev.by//vacancies/23655;EVO ;не указанa;Удалённо
FullStack PHP/JS (Intern) Developer;https://jobs.dev.by//vacancies/23615;SCAND;не указанa;В офисе
DBA;https://jobs.dev.by//vacancies/23383;"A1 (Унитарное предприятие ""А1"") ";не указанa;Удалённо
Senior Ruby Engineer at Tripledot Studios;https://jobs.dev.by//vacancies/22181;On The Spot Development;не указанa;В офисе
Lead DevOps Engineer;https://jobs.dev.by//vacancies/23515;SpiralScout ;не указанa;Удалённо
Middle Project Manager;https://jobs.dev.by//vacancies/23427;СИСТЕМНЫЕ ТЕХНОЛОГИИ;не указанa;В офисе
Senior Java Developer;https://jobs.dev.by//vacancies/23441;CactusSoft ;не указанa;Удалённо
Lead QA;https://jobs.dev.by//vacancies/23592;21vek.by ;не указанa;Удалённо
Date scientist/ Analyst;https://jobs.dev.by//vacancies/22579;lifetech ;не указанa;Удалённо
Senior Front-end Developer (Vue.js);https://jobs.dev.by//vacancies/23537;CactusSoft ;не указанa;Удалённо
Senior React Developer;https://jobs.dev.by//vacancies/21500;DERIV;не указанa;В офисе
Ops engineer;https://jobs.dev.by//vacancies/23514;21vek.by ;не указанa;Удалённо
IOS разработчик;https://jobs.dev.by//vacancies/19511;Banuba ;не указанa;В офисе
Java Team Lead;https://jobs.dev.by//vacancies/23637;CactusSoft;не указанa;В офисе
Senior Back-end Developer;https://jobs.dev.by//vacancies/21726;DERIV;не указанa;В офисе
Middle/Senior React Developer;https://jobs.dev.by//vacancies/23112;DigiTech7;не указанa;В офисе
Big Data Engineer Team Lead;https://jobs.dev.by//vacancies/23608;TemaBit Fozzy Group ;не указанa;Удалённо
Senior Business Analyst;https://jobs.dev.by//vacancies/22069;Tealium ;не указанa;Удалённо
Front-End Engineer;https://jobs.dev.by//vacancies/20088;Tealium;не указанa;В офисе
Senior / Lead Java Developer (high load);https://jobs.dev.by//vacancies/21922;Globant ;не указанa;Удалённо
Senior Ruby Developer;https://jobs.dev.by//vacancies/21921;Globant ;не указанa;Удалённо
Business Analyst;https://jobs.dev.by//vacancies/23508;LANARS ;не указанa;Удалённо
IT Recruiter;https://jobs.dev.by//vacancies/22494;Social Discovery Ventures ;не указанa;Удалённо
Release Manager - Video Experiences, Delivery;https://jobs.dev.by//vacancies/21790;Deltatre  ;не указанa;Удалённо
Senior Java Developer;https://jobs.dev.by//vacancies/23444;CactusSoft ;не указанa;Удалённо
IT Recruiter;https://jobs.dev.by//vacancies/23228;DERIV;не указанa;В офисе
Разработчик MS SQL,C#;https://jobs.dev.by//vacancies/23607;TemaBit Fozzy Group ;не указанa;Удалённо
Billing engineer;https://jobs.dev.by//vacancies/23144;"A1 (Унитарное предприятие ""А1"") ";не указанa;Удалённо
Senior Python Developer;https://jobs.dev.by//vacancies/23442;CactusSoft ;не указанa;Удалённо
Инженер-программист группы отчетности и операционной поддержки (BI);https://jobs.dev.by//vacancies/23381;"A1 (Унитарное предприятие ""А1"")";не указанa;В офисе
Senior Front-End Developer;https://jobs.dev.by//vacancies/23476;Rakuten Viber;не указанa;В офисе
.Net (C#, MS SQL) Developer;https://jobs.dev.by//vacancies/23617;TemaBit Fozzy Group ;не указанa;Удалённо
Middle Android Developer;https://jobs.dev.by//vacancies/22171;lifetech ;не указанa;Удалённо
.Net Developer;https://jobs.dev.by//vacancies/16639;SK hynix memory solutions Eastern Europe;не указанa;В офисе
DevOps платформы данных (Big Data);https://jobs.dev.by//vacancies/23610;TemaBit Fozzy Group ;не указанa;Удалённо
ABAP-разработчик;https://jobs.dev.by//vacancies/23382;"A1 (Унитарное предприятие ""А1"") ";не указанa;Удалённо
DevOps Specialist;https://jobs.dev.by//vacancies/23634;lifetech ;не указанa;Удалённо
Security Engineer;https://jobs.dev.by//vacancies/22028;DERIV;не указанa;В офисе
Architect/Senior Data Engineer;https://jobs.dev.by//vacancies/23612;TemaBit Fozzy Group ;не указанa;Удалённо
Senior/Lead .Net Software Engineer (Public API);https://jobs.dev.by//vacancies/21941;IDT Belarus ;не указанa;Удалённо
Angular 2+ Developer;https://jobs.dev.by//vacancies/23510;LANARS ;не указанa;Удалённо
Team Leader;https://jobs.dev.by//vacancies/21526;Playtika;не указанa;В офисе
DevOps Engineer (CI\CD);https://jobs.dev.by//vacancies/23374;"A1 (Унитарное предприятие ""А1"") ";не указанa;Удалённо
Machine Learning Engineer (Data Scientist);https://jobs.dev.by//vacancies/23353;lifetech;не указанa;В офисе
Middle / Senior React Developer;https://jobs.dev.by//vacancies/23311;CactusSoft ;не указанa;Удалённо
Middle Angular Developer;https://jobs.dev.by//vacancies/21267;CactusSoft ;не указанa;Удалённо
Android Engineer - Video Experiences, Technology;https://jobs.dev.by//vacancies/21783;Deltatre  ;не указанa;Удалённо
Senior iOS Engineer - Video Experiences, Technology;https://jobs.dev.by//vacancies/21785;Deltatre  ;не указанa;Удалённо
Frontend Engineer - Video Experiences, Technology;https://jobs.dev.by//vacancies/20632;Deltatre ;не указанa;В офисе
Senior Test Analyst - Video Experiences, Technology;https://jobs.dev.by//vacancies/20392;Deltatre ;не указанa;В офисе
Senior Android Engineer - Sport Experiences, Delivery;https://jobs.dev.by//vacancies/21778;Deltatre  ;не указанa;Удалённо
Senior iOS Engineer - Sport Experiences, Delivery;https://jobs.dev.by//vacancies/21779;Deltatre  ;не указанa;Удалённо
.NET Engineer - Video Experiences, Technology;https://jobs.dev.by//vacancies/20841;Deltatre ;не указанa;В офисе
Fullstack Engineer - Sport Experiences, Delivery;https://jobs.dev.by//vacancies/21758;Deltatre  ;не указанa;Удалённо
Frontend Engineer - Sport Experiences, Delivery;https://jobs.dev.by//vacancies/21757;Deltatre  ;не указанa;Удалённо
Senior C++ Engineer, Navigation Native;https://jobs.dev.by//vacancies/20310;Mapbox;не указанa;В офисе
Бизнес-аналитик;https://jobs.dev.by//vacancies/21433;"A1 (Унитарное предприятие ""А1"") ";не указанa;Удалённо
Инженер-программист (Java);https://jobs.dev.by//vacancies/21768;"A1 (Унитарное предприятие ""А1"")";не указанa;В офисе
Angular Software Engineer (for Nexxiot team);https://jobs.dev.by//vacancies/17986;Cortlex;не указанa;В офисе
Technical Sourcer;https://jobs.dev.by//vacancies/23339;Mapbox;не указанa;В офисе
Senior C# (.Net Core) developer;https://jobs.dev.by//vacancies/19105;Globant;не указанa;В офисе
Middle Java Developer;https://jobs.dev.by//vacancies/12486;ID Finance;не указанa;В офисе
1С Developer c переходом на позицию Node.js Engineer (Вчасно.POS);https://jobs.dev.by//vacancies/23305;EVO ;не указанa;Удалённо
Product Owner (Games);https://jobs.dev.by//vacancies/23204;Evolution;не указанa;В офисе
Senior Java Developer;https://jobs.dev.by//vacancies/23152;CTDEV;не указанa;В офисе
Python Developer;https://jobs.dev.by//vacancies/19070;АлюсофтБел;не указанa;В офисе
QA Automation Engineer;https://jobs.dev.by//vacancies/17953;Evolution;не указанa;В офисе
PHP Developer;https://jobs.dev.by//vacancies/22415;21vek.by ;не указанa;Удалённо
Java Software Engineer (for Nexxiot team);https://jobs.dev.by//vacancies/21289;Cortlex;не указанa;В офисе
Software Test Engineer (Python);https://jobs.dev.by//vacancies/18674;SK hynix memory solutions Eastern Europe;не указанa;В офисе
Firmware Developer;https://jobs.dev.by//vacancies/14845;SK hynix memory solutions Eastern Europe;не указанa;В офисе
Release Manager;https://jobs.dev.by//vacancies/19409;Customertimes;не указанa;В офисе
Middle Salesforce Consultant / Senior Salesforce Consultant;https://jobs.dev.by//vacancies/19410;Customertimes;не указанa;В офисе
System Design Engineer/Researcher;https://jobs.dev.by//vacancies/23320;SK hynix memory solutions Eastern Europe;не указанa;В офисе
Mobile QA Engineer;https://jobs.dev.by//vacancies/22815;Rakuten Viber;не указанa;В офисе
JavaScript Guru;https://jobs.dev.by//vacancies/21166;Playtika;не указанa;В офисе
C++ Developer;https://jobs.dev.by//vacancies/19519;SK hynix memory solutions Eastern Europe;не указанa;В офисе
Data Engineer, Roads;https://jobs.dev.by//vacancies/22539;Mapbox ;не указанa;Удалённо
Senior iOS Engineer, Navigation/1TAP;https://jobs.dev.by//vacancies/22613;Mapbox ;не указанa;Удалённо
Project Manager;https://jobs.dev.by//vacancies/23153;CTDEV;не указанa;В офисе
Engineering Manager, Roads;https://jobs.dev.by//vacancies/22704;Mapbox;не указанa;В офисе
Business Analyst;https://jobs.dev.by//vacancies/22082;ID Finance ;не указанa;Удалённо
Scrum Master;https://jobs.dev.by//vacancies/22419;21vek.by ;не указанa;Удалённо
SoC/FPGA design/verification Еngineer;https://jobs.dev.by//vacancies/13521;SK hynix memory solutions Eastern Europe;не указанa;В офисе
Senior Salesforce developer;https://jobs.dev.by//vacancies/19411;Customertimes;не указанa;В офисе
BI developer (Junior+/Middle);https://jobs.dev.by//vacancies/23139;21vek.by ;не указанa;Удалённо
Researcher in Mathematical Modeling and Algorithms;https://jobs.dev.by//vacancies/16708;SK hynix memory solutions Eastern Europe;не указанa;В офисе
Инженер-программист 1С;https://jobs.dev.by//vacancies/22417;21vek.by;не указанa;В офисе
Java developer;https://jobs.dev.by//vacancies/19007;АлюсофтБел;не указанa;В офисе
С# Client developer;https://jobs.dev.by//vacancies/19718;Playtika;не указанa;В офисе
Frontend developer (Middle/Senior);https://jobs.dev.by//vacancies/22411;21vek.by ;не указанa;Удалённо
Senior Frontend / UI Developer;https://jobs.dev.by//vacancies/16408;Globant ;не указанa;Удалённо
Full-Stack Engineer, RAVE Tooling (Map/Nav feedback);https://jobs.dev.by//vacancies/22611;Mapbox ;не указанa;Удалённо
Business analyst;https://jobs.dev.by//vacancies/22406;21vek.by ;не указанa;Удалённо
Senior C/C++ SE willing to work with Go;https://jobs.dev.by//vacancies/21070;IDT Belarus ;не указанa;Удалённо
Senior Android Engineer, Navigation (Driver Apps);https://jobs.dev.by//vacancies/17192;Mapbox ;не указанa;Удалённо
Snr/Lead .NET (Full-stack) Developer (.NET Core, AWS, CI/CD, Microservices);https://jobs.dev.by//vacancies/15787;IDT Belarus ;не указанa;Удалённо
Бизнес-аналитик 1С;https://jobs.dev.by//vacancies/22412;21vek.by;не указанa;В офисе
iOS Developer;https://jobs.dev.by//vacancies/22453;Rakuten Viber;не указанa;В офисе
Project manager;https://jobs.dev.by//vacancies/21035;Customertimes ;не указанa;Удалённо
iOS Developer;https://jobs.dev.by//vacancies/22818;Customertimes ;не указанa;Удалённо
Team Lead QA;https://jobs.dev.by//vacancies/22343;СИСТЕМНЫЕ ТЕХНОЛОГИИ;не указанa;В офисе
Middle iOS Developer;https://jobs.dev.by//vacancies/22709;СИСТЕМНЫЕ ТЕХНОЛОГИИ;не указанa;В офисе
Senior .Net developer (Big Data);https://jobs.dev.by//vacancies/22793;Globant ;не указанa;Удалённо
Middle Android Developer;https://jobs.dev.by//vacancies/22710;СИСТЕМНЫЕ ТЕХНОЛОГИИ;не указанa;В офисе
Infrastructure (Apple/Mac & SaaS) Administrator;https://jobs.dev.by//vacancies/22333;Tealium;не указанa;В офисе
Unity developer (Product development);https://jobs.dev.by//vacancies/19472;Banuba ;не указанa;В офисе
Full-stack Developer (Node.js + Angular/ React);https://jobs.dev.by//vacancies/22078;Bamboo Group ;не указанa;Удалённо
iOS Developer в Bamboo Apps;https://jobs.dev.by//vacancies/22132;Bamboo Group ;не указанa;Удалённо
Backend Engineer (Java);https://jobs.dev.by//vacancies/22076;Bamboo Group ;не указанa;Удалённо
PR manager (Finance Apps);https://jobs.dev.by//vacancies/23700;Netpeak Group ;не указанa;Удалённо
Head of PM;https://jobs.dev.by//vacancies/22427;СИСТЕМНЫЕ ТЕХНОЛОГИИ;не указанa;В офисе
Middle QA (mobile, manual);https://jobs.dev.by//vacancies/22342;СИСТЕМНЫЕ ТЕХНОЛОГИИ;не указанa;В офисе
Юрист;https://jobs.dev.by//vacancies/21708;SCAND;не указанa;В офисе
Lead Product Designer (mobile apps);https://jobs.dev.by//vacancies/23699;Netpeak Group ;не указанa;Удалённо
User Acquisition Specialist (Fintech);https://jobs.dev.by//vacancies/23173;Netpeak Group ;не указанa;Удалённо
Golang Engineer;https://jobs.dev.by//vacancies/21699;SpiralScout ;не указанa;Удалённо
Product Owner;https://jobs.dev.by//vacancies/22320;Forte Group;не указанa;В офисе
​SENIOR Full-Stack (Javascript/Node.JS) DEVELOPER;https://jobs.dev.by//vacancies/16405;Globant;не указанa;В офисе
Senior Recruiter;https://jobs.dev.by//vacancies/22637;FLLC SEAVUS ;не указанa;Удалённо
Senior Scala developer;https://jobs.dev.by//vacancies/23586;INDIGO Tech Recruiters ;$4000—6500;Удалённо
Senior Python developer;https://jobs.dev.by//vacancies/23587;INDIGO Tech Recruiters ;$3500—6500;Удалённо
Senior .NET/C# Fullstack/Backend Engineer;https://jobs.dev.by//vacancies/17317;Track-POD ;$4000—6000;Удалённо
Senior Node.js engineer;https://jobs.dev.by//vacancies/22964;Coinchange ;$3000—6000;Удалённо
Senior Data analyst;https://jobs.dev.by//vacancies/22966;Coinchange ;$2500—6000;Удалённо
Cloud Engineer (AWS), Online Retailer;https://jobs.dev.by//vacancies/23424;DataArt ;$4000—5300;Удалённо
Senior java developer;https://jobs.dev.by//vacancies/22851;BldSoft;$3000—5000;В офисе
Senior / Lead frontend engineer with strong React;https://jobs.dev.by//vacancies/23203;Centaurea;$3000—5000;В офисе
Python Developer;https://jobs.dev.by//vacancies/23373;DataArt ;$3500—4500;Удалённо
Front-end (React/Angular) Developer;https://jobs.dev.by//vacancies/23341;DataArt ;$3500—4500;Удалённо
Senior Java Developer;https://jobs.dev.by//vacancies/23340;DataArt ;$3500—4500;Удалённо
Golang Developer;https://jobs.dev.by//vacancies/23430;"VINT Consult (ООО ""ВИНТ Консалт"") ";$3000—4500;Удалённо
QA Automation Engineer;https://jobs.dev.by//vacancies/23351;DataArt ;$3000—4500;Удалённо
C# .NET Senior Developer;https://jobs.dev.by//vacancies/22925;Steinpilz Bel ;$3000—4500;Удалённо
iOS developer;https://jobs.dev.by//vacancies/23248;Dev Team Inc ;$2000—4500;Удалённо
Python Developer;https://jobs.dev.by//vacancies/21114;UpsilonIT ;$2000—4500;Удалённо
Senior JS Developer (ReactJS/React Native);https://jobs.dev.by//vacancies/23227;Social Discovery Ventures ;до $4500;Удалённо
Scala Developer, Online Retailer;https://jobs.dev.by//vacancies/23423;DataArt ;$3700—4200;Удалённо
Android Developer, Online Retailer;https://jobs.dev.by//vacancies/23421;DataArt ;$3700—4200;Удалённо
JavaScript Developer, Online Retailer;https://jobs.dev.by//vacancies/23418;DataArt;$3700—4200;В офисе
iOS Developer, Online Retailer;https://jobs.dev.by//vacancies/23420;DataArt ;$3700—4200;Удалённо
Senior QA Automation Engineer;https://jobs.dev.by//vacancies/23488;Farel Inc.;$3000—4000;В офисе
Подработка На  .Net Core в Перспективнейшем Стартапе;https://jobs.dev.by//vacancies/23578;CareerEngine ;$3000—4000;Удалённо
Golang Developer;https://jobs.dev.by//vacancies/23696;"ООО ""АДМсолюшн"" ";$3000—4000;Удалённо
JavaScript Developer (Mid+);https://jobs.dev.by//vacancies/23432;Smart Solutions Polska Sp. z o.o. ;$2700—4000;Удалённо
React Javascript Engineer/Developer;https://jobs.dev.by//vacancies/18752;Flatlogic LLC ;$1500—4000;Удалённо
Senior DevOps Engineer;https://jobs.dev.by//vacancies/23251;Social Discovery Ventures ;до $4000;Удалённо
Product Manager;https://jobs.dev.by//vacancies/23650;Бонер ;$2500—3500;Удалённо
Front-end Developer;https://jobs.dev.by//vacancies/22973;Firedome ;$1500—3500;Удалённо
Middle Full Stack .NET developer;https://jobs.dev.by//vacancies/23301;InterLogic;$2000—3200;В офисе
Manual QA Engineer;https://jobs.dev.by//vacancies/23348;DataArt;$2000—3000;В офисе
Frontend developer;https://jobs.dev.by//vacancies/23648;OMERTEX ;$1500—3000;Удалённо
Middle back-end developer;https://jobs.dev.by//vacancies/22167;Coinchange ;$1100—3000;Удалённо
Recruiter;https://jobs.dev.by//vacancies/13476;IdeaSoft ;$500—3000;Удалённо
Middle+/ Middle Front-end Developer;https://jobs.dev.by//vacancies/21993;JazzPixels ;до $3000;Удалённо
Junior/Middle PHP Developer;https://jobs.dev.by//vacancies/23314;Allsports ;$1500—2600;Удалённо
Senior IT Recruiter /HR Manager;https://jobs.dev.by//vacancies/22597;Track-POD;$1500—2500;В офисе
QA Manual Web;https://jobs.dev.by//vacancies/18558;"ООО ""ЭнФэйз Системс"" ";$800—2500;Удалённо
Junior/Mid Fullstack .NET Core Software Engineer;https://jobs.dev.by//vacancies/14384;Centaurea;$500—2500;В офисе
Middle React developer;https://jobs.dev.by//vacancies/23545;Antalogic;до $2500;В офисе
Backend developer (Laravel);https://jobs.dev.by//vacancies/23546;Antalogic ;до $2500;Удалённо
Senior Testing Engineer;https://jobs.dev.by//vacancies/21249;Social Discovery Ventures ;до $2500;Удалённо
Senior Testing Engineer;https://jobs.dev.by//vacancies/23224;Social Discovery Ventures ;до $2500;Удалённо
Senior Manual Testing Engineer;https://jobs.dev.by//vacancies/22663;Social Discovery Ventures ;до $2500;Удалённо
Senior Mobile Testing Engineer (Senior Mobile QA);https://jobs.dev.by//vacancies/22664;Social Discovery Ventures ;до $2500;Удалённо
Junior/Middle Python Back End Developer;https://jobs.dev.by//vacancies/23666;EVO ;$1500—2000;Удалённо
Junior+ Python Back End Developer;https://jobs.dev.by//vacancies/23588;EVO ;$1500—2000;Удалённо
QA Manual Web;https://jobs.dev.by//vacancies/18944;"ООО ""ЭнФэйз Системс"" ";$800—2000;Удалённо
Javascript developer;https://jobs.dev.by//vacancies/22608;Mifort;$500—2000;В офисе
Web developer (.net core / angular);https://jobs.dev.by//vacancies/18709;Applied Systems;до $2000;В офисе
QA Engineer / Тестировщик;https://jobs.dev.by//vacancies/22643;Arcadia  ;$1300—1800;Удалённо
Веб-разработчик PHP/Fullstack (Jun+ / Middle);https://jobs.dev.by//vacancies/21242;XPGraph ;$800—1800;Удалённо
Middle Node.js Developer;https://jobs.dev.by//vacancies/23502;Syfec ;$1500—1600;Удалённо
Javascript developer;https://jobs.dev.by//vacancies/20595;Mifort ;$400—1500;Удалённо
backend разработчик (php, laravel);https://jobs.dev.by//vacancies/23496;Веб Секрет;до $1500;В офисе
Специалист по продажам продуктов ИКТ в направлении информационной безопасности;https://jobs.dev.by//vacancies/21345;"A1 (Унитарное предприятие ""А1"") ";до $1500;Удалённо
Инженер-программист;https://jobs.dev.by//vacancies/23455;NEWLAND technology;$500—750;В офисе
Рекрутер в онлайн-школе Айтигенио;https://jobs.dev.by//vacancies/23654;ITGENIO ;$400—600;Удалённо
Customer Support Specialist;https://jobs.dev.by//vacancies/23402;SpurIT ;$300—500;Удалённо
Senior Android Developer;https://jobs.dev.by//vacancies/9210;MyNetDiary Inc ;от $4500;Удалённо
Senior react-native developer;https://jobs.dev.by//vacancies/20584;UpsilonIT ;от $4499;Удалённо
Senior iOS developer;https://jobs.dev.by//vacancies/23450;iChoose.Best Inc. ;от $4000;Удалённо
Python developer / Python Data Engineer;https://jobs.dev.by//vacancies/20476;Flatlogic LLC ;от $3000;Удалённо
.NET/C# Developer Middle+ / Senior;https://jobs.dev.by//vacancies/23395;UNET.BY ;от $2500;Удалённо
Full-Stack Laravel Developer;https://jobs.dev.by//vacancies/23316;Allsports ;от $2400;Удалённо
Flutter Developer;https://jobs.dev.by//vacancies/23618;"ООО ""Твоя столица""";от $2200;В офисе
.NET fullstack разработчик;https://jobs.dev.by//vacancies/23393;100SOFT ;от $2000;Удалённо
Middle Golang developer;https://jobs.dev.by//vacancies/23451;iChoose.Best Inc. ;от $2000;Удалённо
.NET разработчик;https://jobs.dev.by//vacancies/22257;100SOFT ;от $2000;Удалённо
Junior AI/ML engineer;https://jobs.dev.by//vacancies/22776;Exelentex ;от $2000;Удалённо
PHP (Symfony)  Senior/ Middle Developer;https://jobs.dev.by//vacancies/21250;UNET.BY;от $1800;В офисе
Senior Circuit Design Engineer;https://jobs.dev.by//vacancies/23675;"ООО ""Альфа Орион""";от $1500;В офисе
Программист Delphi;https://jobs.dev.by//vacancies/23557;Профит ;от $1500;Удалённо
Android Developer;https://jobs.dev.by//vacancies/23401;ООО АЙЭМЛЭБ;от $1500;В офисе
Программист 1С;https://jobs.dev.by//vacancies/23558;Профит ;от $1500;Удалённо
Lead IT recruiter;https://jobs.dev.by//vacancies/22404;21vek.by ;от $1200;Удалённо
PHP-разработчик;https://jobs.dev.by//vacancies/23456;NEWLAND technology;от $1000;В офисе
Middle/Senior Backend Dev (server);https://jobs.dev.by//vacancies/23594;SoftHouse ;от $1000;Удалённо
начальник участка опытно-конструкторских работ и мелкосерийного производства;https://jobs.dev.by//vacancies/23440;НИИ ТЗИ;от $900;В офисе
Full-stack WordPress разработчик;https://jobs.dev.by//vacancies/19865;"WordPress development agency ""Seattleby"" ";от $700;Удалённо
HR Brand Marketing/Manager;https://jobs.dev.by//vacancies/23434;Flatlogic LLC;от $700;В офисе
Technical support engineer / System administrator / System Engineer;https://jobs.dev.by//vacancies/21953;Айти Эксперт (A3Cloud Solutions) ;от $700;Удалённо
Junior full stack developer;https://jobs.dev.by//vacancies/22960;Brokeree Solutions ;от $500;Удалённо
Junior Magento Developer;https://jobs.dev.by//vacancies/21930;Scandiweb Bel ;от $480;Удалённо
IOS Developer;https://jobs.dev.by//vacancies/23471;Team of the www.corpus.by project ;от $400;Удалённо
Customer Support agent;https://jobs.dev.by//vacancies/23692;Dream Support  ;от $400;Удалённо
Python Developer for AI, TTS, ASR, NLP projects;https://jobs.dev.by//vacancies/23473;Team of the www.corpus.by project ;от $390;Удалённо
Customer Support Specialist;https://jobs.dev.by//vacancies/23628;SpurIT ;от $300;Удалённо
Frontend developer (React) at Via;https://jobs.dev.by//vacancies/22177;On The Spot Development;не указанa;В офисе
Middle / Senior Backend QA Engineer at Tripledot Studios;https://jobs.dev.by//vacancies/23670;On The Spot Development;не указанa;В офисе
Frontend/Vue.js Developer;https://jobs.dev.by//vacancies/23685;FLLC SEAVUS ;не указанa;Удалённо
Custom Backend Developer;https://jobs.dev.by//vacancies/19836;SolbegSoft;не указанa;В офисе
Senior Test Automation Engineer - Games;https://jobs.dev.by//vacancies/22164;Globant ;не указанa;Удалённо
Python developer;https://jobs.dev.by//vacancies/22122;ОАО БПС-СБербанк ;не указанa;Удалённо
Senior QA Automation (Java);https://jobs.dev.by//vacancies/23711;IDT Belarus ;не указанa;Удалённо
QA Engineer;https://jobs.dev.by//vacancies/22049;Currency.com ;не указанa;Удалённо
Unity Developer at Tripledot;https://jobs.dev.by//vacancies/22172;On The Spot Development;не указанa;В офисе
ServiceNow Developer;https://jobs.dev.by//vacancies/22160;SolbegSoft;не указанa;В офисе
Middle Front-end Developer (Angular or React);https://jobs.dev.by//vacancies/23712;Lightpoint Global ;не указанa;Удалённо
Middle QA Engineer at Tripledot Studios;https://jobs.dev.by//vacancies/22186;On The Spot Development;не указанa;В офисе
C# / C++ Developer (Senior);https://jobs.dev.by//vacancies/17420;Atomicus ;не указанa;Удалённо
DevOps Engineer;https://jobs.dev.by//vacancies/23668;"ООО ""ФоксТри""";не указанa;В офисе
.net WPF/Xamarin;https://jobs.dev.by//vacancies/23706;Applied Systems ;не указанa;Удалённо
Lead Front - end (Vue.js) Developer;https://jobs.dev.by//vacancies/22698;WM Reply ;не указанa;Удалённо
Talent Acquisition Specialist / IT-Recruiter;https://jobs.dev.by//vacancies/23653;Glorium Technologies ;не указанa;Удалённо
Middle/Senior Magento Developer;https://jobs.dev.by//vacancies/22233;Forte Group;не указанa;В офисе
Accounts Officer;https://jobs.dev.by//vacancies/23697;eWave ;не указанa;Удалённо
Senior FullStack Developer at Via;https://jobs.dev.by//vacancies/22170;On The Spot Development;не указанa;В офисе
Middle/Senior Java Developer;https://jobs.dev.by//vacancies/23303;InterLogic;не указанa;В офисе
Automation QA Engineer;https://jobs.dev.by//vacancies/20380;SolbegSoft;не указанa;В офисе
Manual QA Engineer;https://jobs.dev.by//vacancies/23701;WM Reply;не указанa;В офисе
Business Analyst;https://jobs.dev.by//vacancies/22187;On The Spot Development;не указанa;В офисе
Art lead;https://jobs.dev.by//vacancies/23680;"ООО ""Р-вольвер Технолоджис""";не указанa;В офисе
Senior PHP Full Stack Developer;https://jobs.dev.by//vacancies/23678;Forte Group;не указанa;В офисе
Lead Java Developer;https://jobs.dev.by//vacancies/22971;SaM Solutions ;не указанa;Удалённо
Android Developer;https://jobs.dev.by//vacancies/20964;SolbegSoft;не указанa;В офисе
ServiceNow Developer (Middle + / Senior / Lead);https://jobs.dev.by//vacancies/22161;SolbegSoft;не указанa;В офисе
O365/SharePoint developer;https://jobs.dev.by//vacancies/17123;EVOKE Systems ;не указанa;В офисе
Senior Wordpress developer;https://jobs.dev.by//vacancies/23677;SpiralScout ;не указанa;Удалённо
HR Assistant;https://jobs.dev.by//vacancies/23690;iMedia Solutions ;не указанa;В офисе
Business development manager / Sales manager;https://jobs.dev.by//vacancies/23698;Foundevs ;не указанa;Удалённо
React Developer (Food Delivery sphere);https://jobs.dev.by//vacancies/23081;ISsoft;не указанa;В офисе
Test Automation Engineer;https://jobs.dev.by//vacancies/23683;FLLC SEAVUS ;не указанa;Удалённо
Business Intelligence Manager;https://jobs.dev.by//vacancies/23663;Forte Group;не указанa;В офисе
DevOps Engineer;https://jobs.dev.by//vacancies/20522;SolbegSoft;не указанa;В офисе
Mobile QA Engineer;https://jobs.dev.by//vacancies/20082;SolbegSoft;не указанa;В офисе
React / TypeScript Developer;https://jobs.dev.by//vacancies/20898;SolbegSoft;не указанa;В офисе
С# Developer. Специалист со знанием сетевых технологий.;https://jobs.dev.by//vacancies/23279;Temsa;не указанa;В офисе
Junior/Middle Front-end (Angular) Developer;https://jobs.dev.by//vacancies/23676;SCAND;не указанa;В офисе
Motion Designer at Tripledot Studios;https://jobs.dev.by//vacancies/22183;On The Spot Development;не указанa;В офисе
Unity developer;https://jobs.dev.by//vacancies/23681;"ООО ""Р-вольвер Технолоджис""";не указанa;В офисе
QA Engineer;https://jobs.dev.by//vacancies/23671;ObjectStyle ;не указанa;Удалённо
Content Marketing Manager;https://jobs.dev.by//vacancies/23662;FForester Media ;не указанa;Удалённо
Lead Frontend Developer;https://jobs.dev.by//vacancies/21701;SpiralScout ;не указанa;Удалённо
Machine Learning Team Lead;https://jobs.dev.by//vacancies/23300;Apalon ;не указанa;Удалённо
Web-разработчик;https://jobs.dev.by//vacancies/19660;Softvoya ;не указанa;Удалённо
Disaster Recovery Engineer;https://jobs.dev.by//vacancies/22140;DERIV;не указанa;В офисе
Middle/Senior SDET (Cloud);https://jobs.dev.by//vacancies/23624;Forte Group;не указанa;В офисе
Middle QA Engineer;https://jobs.dev.by//vacancies/22472;SpiralScout ;не указанa;Удалённо
DevOps Engineer;https://jobs.dev.by//vacancies/20675;Teladoc Health ;не указанa;Удалённо
FullStack PHP Developer;https://jobs.dev.by//vacancies/22583;Tapston;не указанa;В офисе
Middle DevOps Engineer for Payments Team;https://jobs.dev.by//vacancies/23533;Parimatch Tech  ;не указанa;Удалённо
Senior Business Analyst (Policy Team);https://jobs.dev.by//vacancies/21569;EIS ;не указанa;Удалённо
Руководитель отдела лидогенерации / Head of TM;https://jobs.dev.by//vacancies/23511;Softacom ;не указанa;Удалённо
Middle .Net Developer;https://jobs.dev.by//vacancies/22138;Epol Soft ;не указанa;Удалённо
Senior .NET Developer for UnifiedFeed;https://jobs.dev.by//vacancies/23477;Parimatch Tech  ;не указанa;Удалённо
QA Automation (C#) Engineer for Live Tools Team;https://jobs.dev.by//vacancies/23480;Parimatch Tech  ;не указанa;Удалённо
Middle DevOps Engineer for Sport Stream;https://jobs.dev.by//vacancies/23482;Parimatch Tech  ;не указанa;Удалённо
Стажёр-тестировщик (функциональное тестирование);https://jobs.dev.by//vacancies/19254;a1qa;не указанa;В офисе
Специалист по внедрению и сопровождению экономического ПО на платформе Гедымин;https://jobs.dev.by//vacancies/23445;Golden Software of Belarus, Ltd;не указанa;В офисе
Senior Java Developer / TechLead Java;https://jobs.dev.by//vacancies/22921;BelPrime  ;не указанa;Удалённо
Java developer (senior / strong middle);https://jobs.dev.by//vacancies/22601;Smartym Pro ;не указанa;Удалённо
iOS Developer;https://jobs.dev.by//vacancies/23527;Softvoya ;не указанa;Удалённо
.Net Developer;https://jobs.dev.by//vacancies/23600;SK hynix memory solutions Eastern Europe;не указанa;В офисе
Python Web-developer;https://jobs.dev.by//vacancies/22965;On The Spot Development;не указанa;В офисе
С# Developer. Специалист со знанием криптографии.;https://jobs.dev.by//vacancies/23278;Temsa;не указанa;В офисе
Senior QA Engineer;https://jobs.dev.by//vacancies/23614;Kaseya ;не указанa;Удалённо
C++ Developer (middle level);https://jobs.dev.by//vacancies/22514;Visutech System Ltd.;не указанa;В офисе
Middle Full stack developer (.Net Core /React);https://jobs.dev.by//vacancies/19859;Масштабные решения;не указанa;В офисе
Middle Python Developer for FairPlay Team;https://jobs.dev.by//vacancies/23596;Parimatch Tech  ;не указанa;Удалённо
Senior Python Developer for Real-time Bet Scoring;https://jobs.dev.by//vacancies/23591;Parimatch Tech  ;не указанa;Удалённо
SRE engineer;https://jobs.dev.by//vacancies/22212;TangoMe Inc.;не указанa;В офисе
Разработчик бэкенда в Яндекс.Толоку;https://jobs.dev.by//vacancies/22454;Яндекс ;не указанa;Удалённо
Senior Data Engineer;https://jobs.dev.by//vacancies/23580;Opinov8 ;не указанa;Удалённо
Business Analyst;https://jobs.dev.by//vacancies/23070;lifetech ;не указанa;Удалённо
iOS developer;https://jobs.dev.by//vacancies/22843;Teladoc Health ;не указанa;Удалённо
Senior Python Developer;https://jobs.dev.by//vacancies/23356;GP Solutions ;не указанa;Удалённо
Senior .NET Developer;https://jobs.dev.by//vacancies/23531;Parimatch Tech  ;не указанa;Удалённо
Владелец продукта;https://jobs.dev.by//vacancies/22912;"ООО ""ТриИнком""";не указанa;В офисе
Middle/Senior DevOps Engineer;https://jobs.dev.by//vacancies/23503;Parimatch Tech  ;не указанa;Удалённо
Software Test Automation Engineer;https://jobs.dev.by//vacancies/22975;InData Labs ;не указанa;Удалённо
Automation QA Engineer (JS);https://jobs.dev.by//vacancies/22879;Forte Group;не указанa;В офисе
Senior Python Engineer (Big Data) for Data Platform Team;https://jobs.dev.by//vacancies/23481;Parimatch Tech  ;не указанa;Удалённо
QA Engineer;https://jobs.dev.by//vacancies/23463;Neskin Games;не указанa;В офисе
Java Developer;https://jobs.dev.by//vacancies/17031;FLLC SEAVUS;не указанa;В офисе
Cтажёр-разработчик автоматизированных тестов;https://jobs.dev.by//vacancies/19255;a1qa;не указанa;В офисе
Middle Java Developer;https://jobs.dev.by//vacancies/22378;STACKLEVEL GROUP;не указанa;В офисе
.NET Developer;https://jobs.dev.by//vacancies/20556;SolbegSoft;не указанa;В офисе
Middle QA Engineer;https://jobs.dev.by//vacancies/19792;SolbegSoft;не указанa;В офисе
DevOps Engineer;https://jobs.dev.by//vacancies/22159;SolbegSoft;не указанa;В офисе
Talent Acquisition Specialist / IT-Recruiter;https://jobs.dev.by//vacancies/23652;Glorium Technologies ;не указанa;Удалённо
Java Developer;https://jobs.dev.by//vacancies/22217;Playtika;не указанa;В офисе
Project Manager/Consultant (Salesforce), Middle;https://jobs.dev.by//vacancies/23095;JET BI ;не указанa;Удалённо
Специалист техподдержки L2 / Системный администратор Linux;https://jobs.dev.by//vacancies/23397;HostFly.by;не указанa;В офисе
Менеджер по активным продажам IT-услуг;https://jobs.dev.by//vacancies/23396;HostFly.by;не указанa;В офисе
Middle+/Senior PHP developer;https://jobs.dev.by//vacancies/21416;TargSoft ;не указанa;Удалённо
Senior Python Developer / Python Team Lead;https://jobs.dev.by//vacancies/23645;Epol Soft ;не указанa;Удалённо
SQL Developer;https://jobs.dev.by//vacancies/23640;Forte Group;не указанa;В офисе
DevOps Engineer;https://jobs.dev.by//vacancies/21501;DERIV;не указанa;В офисе
Client Support Executive;https://jobs.dev.by//vacancies/22090;DERIV;не указанa;В офисе
Разработчик IBM Integration Bus;https://jobs.dev.by//vacancies/23605;IBA Group ;не указанa;Удалённо
Java Back-end Developer;https://jobs.dev.by//vacancies/23597;SCAND ;не указанa;Удалённо
Lead Game Designer;https://jobs.dev.by//vacancies/21227;Eon Games ;не указанa;Удалённо
Android Developer;https://jobs.dev.by//vacancies/23375;"A1 (Унитарное предприятие ""А1"") ";не указанa;Удалённо
iOS Engineer, Navigation SDK;https://jobs.dev.by//vacancies/22612;Mapbox ;не указанa;Удалённо
Frontend-разработчик;https://jobs.dev.by//vacancies/21965;Currency.com ;не указанa;Удалённо
Senior ASP.NET Developer;https://jobs.dev.by//vacancies/23111;DigiTech7;не указанa;В офисе
Middle Java Developer;https://jobs.dev.by//vacancies/23422;Forte Group;не указанa;В офисе
Mid/Senior Java developer (Integrations);https://jobs.dev.by//vacancies/20064;Onde;не указанa;В офисе
Unity Developer;https://jobs.dev.by//vacancies/21824;Hypernova ;не указанa;Удалённо
Office 365 Automation Engineer;https://jobs.dev.by//vacancies/20965;SolbegSoft;не указанa;В офисе
Python Developer;https://jobs.dev.by//vacancies/9321;SolbegSoft;не указанa;В офисе
QA Engineer;https://jobs.dev.by//vacancies/21959;SolbegSoft;не указанa;В офисе
PHP Developer;https://jobs.dev.by//vacancies/23479;Egorov Agency ;не указанa;Удалённо
Middle Frontend Developer;https://jobs.dev.by//vacancies/22439;SpiralScout ;не указанa;Удалённо
Middle Frontend developer;https://jobs.dev.by//vacancies/23453;SpiralScout;не указанa;В офисе
Middle .Net developer;https://jobs.dev.by//vacancies/21752;billwerk ;не указанa;Удалённо
Middle .NET Developer;https://jobs.dev.by//vacancies/23400;TargSoft ;не указанa;Удалённо
Software Engineer (Frontend);https://jobs.dev.by//vacancies/23234;Start Matter ;не указанa;Удалённо
C++ Developer;https://jobs.dev.by//vacancies/21711;DERIV;не указанa;В офисе
Senior/Middle Research & Development Engineer;https://jobs.dev.by//vacancies/23512;VRTek;не указанa;В офисе
Senior IOS Developer;https://jobs.dev.by//vacancies/23501;Avanta ;не указанa;Удалённо
IOS разработчик;https://jobs.dev.by//vacancies/23200;BELHARD;не указанa;В офисе
Senior Front-end Developer (React);https://jobs.dev.by//vacancies/9779;RichBrains ;не указанa;Удалённо
Security Engineer;https://jobs.dev.by//vacancies/23024;Currency.com;не указанa;В офисе
Java/Blockchain Developer;https://jobs.dev.by//vacancies/22262;Currency.com ;не указанa;Удалённо
Senior backend developer;https://jobs.dev.by//vacancies/22034;Currency.com ;не указанa;Удалённо
QA Automation Engineer (Python);https://jobs.dev.by//vacancies/9776;Klika Tech ;не указанa;Удалённо
QA Engineer Middle;https://jobs.dev.by//vacancies/21960;SolbegSoft;не указанa;В офисе
Unity Developer;https://jobs.dev.by//vacancies/23464;Neskin Games ;не указанa;Удалённо
Frontend developer (React);https://jobs.dev.by//vacancies/20206;Resliv;не указанa;В офисе
Middle/ Senior .NET Developer;https://jobs.dev.by//vacancies/23045;DigiTech7;не указанa;В офисе
User Acquisition (M/F);https://jobs.dev.by//vacancies/19424;Mamboo Games ;не указанa;Удалённо
Technical Writer (Middle);https://jobs.dev.by//vacancies/14450;SolbegSoft;не указанa;В офисе
Front-end Developer (Middle / Senior);https://jobs.dev.by//vacancies/13017;SolbegSoft;не указанa;В офисе
QA Engineer;https://jobs.dev.by//vacancies/13967;SolbegSoft;не указанa;В офисе
Frontend developer at Luna;https://jobs.dev.by//vacancies/22179;On The Spot Development;не указанa;В офисе
Devops Engineer at 365Scores;https://jobs.dev.by//vacancies/23550;On The Spot Development;не указанa;В офисе
Middle Full-stack JavaScript Developer;https://jobs.dev.by//vacancies/23631;Dektry ;не указанa;Удалённо
IOS developer (middle);https://jobs.dev.by//vacancies/23568;MyStream;не указанa;В офисе
Flutter Developer;https://jobs.dev.by//vacancies/23556;Cogniteq ;не указанa;Удалённо
Senior Java Developer;https://jobs.dev.by//vacancies/12248;GoodSoft;не указанa;В офисе
Senior/Lead Manual QA Engineer;https://jobs.dev.by//vacancies/23469;Forte Group;не указанa;В офисе
.Net разработчик (Junior / Middle / Senior);https://jobs.dev.by//vacancies/22834;"ООО ""ТриИнком""";не указанa;В офисе
Game Designer;https://jobs.dev.by//vacancies/23505;FreePlay ;не указанa;Удалённо
IT Project manager;https://jobs.dev.by//vacancies/23486;Smartym Pro ;не указанa;Удалённо
Product Manager;https://jobs.dev.by//vacancies/23410;LogicLike ;не указанa;В офисе
Middle Full-stack Developer;https://jobs.dev.by//vacancies/23417;Forte Group;не указанa;В офисе
Senior Automation Engineer/SDET;https://jobs.dev.by//vacancies/23403;AST (Access Softek) ;не указанa;Удалённо
Разработчик frontend;https://jobs.dev.by//vacancies/23405;Bostil Support;не указанa;В офисе
Front-end Developer;https://jobs.dev.by//vacancies/9465;SolbegSoft;не указанa;В офисе
Backend developer;https://jobs.dev.by//vacancies/23646;OMERTEX ;не указанa;Удалённо
Java Developer;https://jobs.dev.by//vacancies/20662;IBA Group;не указанa;В офисе
Development Manager;https://jobs.dev.by//vacancies/17220;Kyriba Engineering, LLC;не указанa;В офисе
Mobile Product Manager;https://jobs.dev.by//vacancies/23528;ID Finance ;не указанa;Удалённо
Business analyst;https://jobs.dev.by//vacancies/22331;iCode ;не указанa;Удалённо
Systems Analyst / Системный аналитик;https://jobs.dev.by//vacancies/23487;PST Labs LLC  ;не указанa;Удалённо
Full stack .NET Developer;https://jobs.dev.by//vacancies/19999;Arcadia  ;не указанa;Удалённо
HR coordinator;https://jobs.dev.by//vacancies/23460;Deltatre ;не указанa;В офисе
Vue.js Developer;https://jobs.dev.by//vacancies/23435;Forte Group;не указанa;В офисе
Product Owner / Product Manager;https://jobs.dev.by//vacancies/23438;Евразийская Процессинговая Компания ;не указанa;Удалённо
Senior Data Scientist;https://jobs.dev.by//vacancies/22831;Innovative Future Technologies ;не указанa;Удалённо
Node.js Developer;https://jobs.dev.by//vacancies/20564;SolbegSoft;не указанa;В офисе
Senior/Lead Frontend developer;https://jobs.dev.by//vacancies/22614;SpiralScout ;не указанa;Удалённо
DevOps Engineer;https://jobs.dev.by//vacancies/23601;Parimatch Tech  ;не указанa;Удалённо
Senior Frontend Developer;https://jobs.dev.by//vacancies/21967;EIS ;не указанa;Удалённо
C++ Engineer, Vision;https://jobs.dev.by//vacancies/23493;Mapbox ;не указанa;Удалённо
Data Quality Engineer;https://jobs.dev.by//vacancies/23231;Currency.com ;не указанa;Удалённо
Administrator Zendesk / Consultant Zendesk;https://jobs.dev.by//vacancies/19286;SolbegSoft;не указанa;В офисе
С++ VoIP Software Engineer;https://jobs.dev.by//vacancies/23458;Rakuten Viber;не указанa;В офисе
Technical Support Specialist;https://jobs.dev.by//vacancies/22699;Currency.com;не указанa;В офисе
Senior / Lead Mobile Software Engineer (Flutter);https://jobs.dev.by//vacancies/22220;IDT Belarus ;не указанa;Удалённо
Advanced QA Automation Engineer;https://jobs.dev.by//vacancies/23647;billwerk ;не указанa;Удалённо
Senior Full-Stack Engineer for Focusmate;https://jobs.dev.by//vacancies/23497;Satellite Innovations;не указанa;В офисе
Middle / Senior Full-stack Developer;https://jobs.dev.by//vacancies/23643;ITEU;не указанa;В офисе
Quantitative Analyst;https://jobs.dev.by//vacancies/22023;DERIV;не указанa;В офисе
L2-L3 Technical Support Engineer;https://jobs.dev.by//vacancies/21995;Resilio BLR;не указанa;В офисе
Middle .Net Engineer;https://jobs.dev.by//vacancies/22055;Eon Games ;не указанa;Удалённо
Business Analyst;https://jobs.dev.by//vacancies/22291;СИСТЕМНЫЕ ТЕХНОЛОГИИ;не указанa;В офисе
PHP Developer;https://jobs.dev.by//vacancies/17448;Wedextim;не указанa;В офисе
Application Data Engineer for ClickDimensions;https://jobs.dev.by//vacancies/23544;Ciklum;не указанa;В офисе
Intern/Junior SAP;https://jobs.dev.by//vacancies/23535;АтлантКонсалт  ;не указанa;Удалённо
Data Scientist;https://jobs.dev.by//vacancies/23524;Admitad ;не указанa;Удалённо
Lead Ops;https://jobs.dev.by//vacancies/23513;21vek.by ;не указанa;Удалённо
SEO specialist;https://jobs.dev.by//vacancies/22695;Currency.com ;не указанa;Удалённо
Full-stack Software Developer;https://jobs.dev.by//vacancies/22822;Crossix Solutions;не указанa;В офисе
SEO Specialist;https://jobs.dev.by//vacancies/23409;SCAND ;не указанa;Удалённо
.NET Developer;https://jobs.dev.by//vacancies/17424;IBA Gomel;не указанa;В офисе
QA Automation Engineer;https://jobs.dev.by//vacancies/20557;SolbegSoft;не указанa;В офисе
Project Manager;https://jobs.dev.by//vacancies/20167;SolbegSoft;не указанa;В офисе
Android Build Engineer (Jenkins);https://jobs.dev.by//vacancies/23649;Rakuten Viber;не указанa;В офисе
Software Engineer (Backend);https://jobs.dev.by//vacancies/23217;Start Matter ;не указанa;Удалённо
office manager;https://jobs.dev.by//vacancies/23582;BEATHEAD;не указанa;В офисе
Machine Learning Developer;https://jobs.dev.by//vacancies/23192;TIMVERO ;не указанa;Удалённо
Site Reliability Engineer for Environment platform project;https://jobs.dev.by//vacancies/23575;Parimatch Tech  ;не указанa;Удалённо
Middle Automation QA Engineer (Java);https://jobs.dev.by//vacancies/23573;Forte Group ;не указанa;Удалённо
QA Automation Engineer (JavaScript);https://jobs.dev.by//vacancies/22781;SpiralScout ;не указанa;Удалённо
Помощник руководителя проекта (Project leader assistant/ Project coordinator);https://jobs.dev.by//vacancies/22620;NTLab;не указанa;В офисе
Senior QA Engineer;https://jobs.dev.by//vacancies/23443;AIS Novations ;не указанa;Удалённо
iOS Developer;https://jobs.dev.by//vacancies/23376;"A1 (Унитарное предприятие ""А1"") ";не указанa;Удалённо
Middle Mobile QA;https://jobs.dev.by//vacancies/23506;Forte Group;не указанa;В офисе
Influencer Manager;https://jobs.dev.by//vacancies/23108;Currency.com ;не указанa;Удалённо
Разработчик SQL/Python;https://jobs.dev.by//vacancies/23461;Social Discovery Ventures ;не указанa;Удалённо
Lead DevOps;https://jobs.dev.by//vacancies/23457;Admitad ;не указанa;Удалённо
Middle/Senior Front-End Developer;https://jobs.dev.by//vacancies/22760;Forte Group;не указанa;В офисе
Python Developer;https://jobs.dev.by//vacancies/23406;Verv ;не указанa;Удалённо
Front-end Developer (Middle / Senior);https://jobs.dev.by//vacancies/13968;SolbegSoft;не указанa;В офисе
UX Designer;https://jobs.dev.by//vacancies/23619;TemaBit Fozzy Group ;не указанa;Удалённо
Бизнес-аналитик;https://jobs.dev.by//vacancies/22467;Lansoft  ;не указанa;Удалённо
Senior Java Developer;https://jobs.dev.by//vacancies/23625;Tealium ;не указанa;Удалённо
WEB full stack developer - PHP;https://jobs.dev.by//vacancies/23626;"ООО ""Твоя столица""";не указанa;В офисе
Angular developer;https://jobs.dev.by//vacancies/23258;Dev Team Inc ;не указанa;Удалённо
Middle Mobile QA engineer;https://jobs.dev.by//vacancies/23571;Stark Games;не указанa;В офисе
Middle .NET Developer for Account&Payments Team (PMI);https://jobs.dev.by//vacancies/23566;Parimatch Tech  ;не указанa;Удалённо
Technical Writer;https://jobs.dev.by//vacancies/22803;Currency.com ;не указанa;Удалённо
Front-End Developer (React);https://jobs.dev.by//vacancies/22054;Aiolane;не указанa;В офисе
PHP Developer;https://jobs.dev.by//vacancies/23474;SolbegSoft;не указанa;В офисе
Junior Frontend/ React.JS Developer;https://jobs.dev.by//vacancies/23426;OZiTAG ;не указанa;Удалённо
Middle Java Developer with AWS;https://jobs.dev.by//vacancies/23415;Forte Group;не указанa;В офисе
QA Automation Engineer (JavaScript);https://jobs.dev.by//vacancies/8990;SolbegSoft;не указанa;В офисе
Project Manager at Orca Security;https://jobs.dev.by//vacancies/23475;On The Spot Development;не указанa;В офисе
Senior .NET Developer;https://jobs.dev.by//vacancies/22638;SpiralScout ;не указанa;Удалённо
Senior DevOps Engineer;https://jobs.dev.by//vacancies/23644;CactusSoft ;не указанa;Удалённо
Node.js Developer;https://jobs.dev.by//vacancies/20147;SolbegSoft;не указанa;В офисе
.NET Developer;https://jobs.dev.by//vacancies/21918;SCAND ;не указанa;Удалённо
Python Data Engineer at Tripledot Studious;https://jobs.dev.by//vacancies/23539;On The Spot Development;не указанa;В офисе
Middle/Senior .NET Developer;https://jobs.dev.by//vacancies/20987;CactusSoft ;не указанa;Удалённо
C++ Engineer, Navigation API;https://jobs.dev.by//vacancies/23494;Mapbox ;не указанa;Удалённо
Salesforce developer;https://jobs.dev.by//vacancies/23603;DataArt ;не указанa;Удалённо
Middle DevOps Engineer for Risk Management Stream;https://jobs.dev.by//vacancies/23598;Parimatch Tech  ;не указанa;Удалённо
Junior Java developer;https://jobs.dev.by//vacancies/23560;Intervale;не указанa;В офисе
Технический писатель;https://jobs.dev.by//vacancies/23583;Intervale;не указанa;В офисе
Backend PHP Developer;https://jobs.dev.by//vacancies/23538;FirstBeatMedia ;не указанa;Удалённо
Delphi Developer;https://jobs.dev.by//vacancies/20328;Softacom ;не указанa;Удалённо
Product marketing manager;https://jobs.dev.by//vacancies/23525;Amasty;не указанa;В офисе
Unity Developer;https://jobs.dev.by//vacancies/16548;BYRIL;не указанa;В офисе
Full-Stack Developer;https://jobs.dev.by//vacancies/22414;Currency.com ;не указанa;Удалённо
Data Analyst;https://jobs.dev.by//vacancies/23344;Currency.com ;не указанa;Удалённо
Middle QA Engineer;https://jobs.dev.by//vacancies/23635;SpiralScout ;не указанa;Удалённо
Middle+ / Senior JavaScript Engineer (Full Stack);https://jobs.dev.by//vacancies/21104;Satellite Innovations ;не указанa;Удалённо
React Developer;https://jobs.dev.by//vacancies/22940;DERIV;не указанa;В офисе
IT Project Manager;https://jobs.dev.by//vacancies/21499;DERIV;не указанa;В офисе
Data Engineer;https://jobs.dev.by//vacancies/23261;DERIV;не указанa;В офисе
Unity Developer;https://jobs.dev.by//vacancies/23563;Smartspell;не указанa;В офисе
Game Designer;https://jobs.dev.by//vacancies/21827;Hypernova ;не указанa;Удалённо
PHP developer;https://jobs.dev.by//vacancies/18908;BELHARD;не указанa;В офисе
UX/UI designer (Middle, Senior);https://jobs.dev.by//vacancies/22422;21vek.by ;не указанa;Удалённо
Motion Designer;https://jobs.dev.by//vacancies/23150;Currency.com ;не указанa;Удалённо
Content Marketing Manager;https://jobs.dev.by//vacancies/23194;Currency.com ;не указанa;Удалённо
DevOps Engineer;https://jobs.dev.by//vacancies/23484;Aiolane;не указанa;В офисе
Junior PHP Developer;https://jobs.dev.by//vacancies/23425;OZiTAG ;не указанa;Удалённо
Middle to Senior Full Stack Developer (C#, JavaScript);https://jobs.dev.by//vacancies/23404;AST (Access Softek) ;не указанa;Удалённо
Mobile QA Engineer (Middle);https://jobs.dev.by//vacancies/13719;SolbegSoft;не указанa;В офисе
Lead .Net Developer at 365Scores;https://jobs.dev.by//vacancies/23433;On The Spot Development;не указанa;В офисе
Tech Artist (2d Artist) at Luna;https://jobs.dev.by//vacancies/23467;On The Spot Development;не указанa;В офисе
Front-end Developer (Angular);https://jobs.dev.by//vacancies/22950;Intetics  ;не указанa;Удалённо
Специалист по информационной безопасности;https://jobs.dev.by//vacancies/15209;lifetech ;не указанa;Удалённо
Middle .NET Developer for Payments Stream;https://jobs.dev.by//vacancies/23630;Parimatch Tech  ;не указанa;Удалённо
Senior .NET Developer;https://jobs.dev.by//vacancies/23622;Forte Group;не указанa;В офисе
Unity developer (С#);https://jobs.dev.by//vacancies/20694;Storymode ;не указанa;Удалённо
Middle FullStack (Python+JS) Developer for Autopayments Team;https://jobs.dev.by//vacancies/23595;Parimatch Tech  ;не указанa;Удалённо
Application Security (Security QA);https://jobs.dev.by//vacancies/23565;Parimatch Tech  ;не указанa;Удалённо
Middle Data Analyst for Sport Stream;https://jobs.dev.by//vacancies/23555;Parimatch Tech  ;не указанa;Удалённо
Windows Kernel Developer;https://jobs.dev.by//vacancies/21521;Texode Technologies ;не указанa;В офисе
Системный администратор систем виртуализации (VMware Horizon);https://jobs.dev.by//vacancies/19071;"A1 (Унитарное предприятие ""А1"") ";не указанa;Удалённо
Middle/Senior Python developer (trainer);https://jobs.dev.by//vacancies/23519;BELHARD Academy ;не указанa;В офисе
Python developer;https://jobs.dev.by//vacancies/18712;iCode ;не указанa;Удалённо
Performance Marketing Expert;https://jobs.dev.by//vacancies/23485;Railsware ;не указанa;Удалённо
Administrator Zendesk / Consultant Zendesk;https://jobs.dev.by//vacancies/13045;SolbegSoft;не указанa;В офисе
iOS VoIP Software Engineer;https://jobs.dev.by//vacancies/23448;Rakuten Viber;не указанa;В офисе
UE4 Developer C++/Blueprint;https://jobs.dev.by//vacancies/20705;Storymode ;не указанa;Удалённо
Frontend developer;https://jobs.dev.by//vacancies/22100;SpiralScout ;не указанa;Удалённо
Software developer engineer in Test;https://jobs.dev.by//vacancies/23639;ATOMICHRONICA ;не указанa;Удалённо
Web Developer (PHP);https://jobs.dev.by//vacancies/22615;Rakuten Viber;не указанa;В офисе
Senior Technical Recruiter;https://jobs.dev.by//vacancies/23570;AllStars-IT  ;не указанa;Удалённо
Middle Front End Developer for LiveTools Team;https://jobs.dev.by//vacancies/23584;Parimatch Tech  ;не указанa;Удалённо
Middle QA Automation (JS) Engineer for AMS team;https://jobs.dev.by//vacancies/23564;Parimatch Tech  ;не указанa;Удалённо
Middle Java Developer;https://jobs.dev.by//vacancies/23548;launchOptions ;не указанa;В офисе
Senior Java Developer;https://jobs.dev.by//vacancies/17533;Kyriba Engineering, LLC;не указанa;В офисе
Billing Product Manager;https://jobs.dev.by//vacancies/23500;Avanta ;не указанa;Удалённо
iOS Developer;https://jobs.dev.by//vacancies/23495;PST Labs LLC  ;не указанa;Удалённо
Salesforce Developer;https://jobs.dev.by//vacancies/20615;RichBrains ;не указанa;Удалённо
Data Security Engineer;https://jobs.dev.by//vacancies/23490;Parimatch Tech  ;не указанa;Удалённо
Product Analyst;https://jobs.dev.by//vacancies/23470;Apalon ;не указанa;Удалённо
Middle/Senior Business Analyst;https://jobs.dev.by//vacancies/23141;Invatechs Software ;не указанa;Удалённо
Senior Android Developer;https://jobs.dev.by//vacancies/18912;BP Mobile ;не указанa;Удалённо
Android VoIP Software Engineer;https://jobs.dev.by//vacancies/23446;Rakuten Viber;не указанa;В офисе
Middle React Developer;https://jobs.dev.by//vacancies/20568;STACKLEVEL GROUP;не указанa;В офисе
Senior Manual QA Engineer;https://jobs.dev.by//vacancies/23657;Forte Group;не указанa;В офисе
Full-Stack Java Developer;https://jobs.dev.by//vacancies/23638;SCAND ;не указанa;Удалённо
Web-developer;https://jobs.dev.by//vacancies/23632;ComplITech;не указанa;В офисе
Product Manager;https://jobs.dev.by//vacancies/23096;DERIV;не указанa;В офисе
.NET  СОRE developer;https://jobs.dev.by//vacancies/23604;Масштабные решения;не указанa;В офисе
Senior QA Automation (JS) Engineer for Events Center team;https://jobs.dev.by//vacancies/23585;Parimatch Tech  ;не указанa;Удалённо
Full stack developer (React/node);https://jobs.dev.by//vacancies/23567;MyStream;не указанa;В офисе
.NET Developer;https://jobs.dev.by//vacancies/17447;Wedextim;не указанa;В офисе
Инженер (IP-телефония);https://jobs.dev.by//vacancies/21394;"A1 (Унитарное предприятие ""А1"") ";не указанa;Удалённо
Java Engineer - Search Technologies;https://jobs.dev.by//vacancies/22460;ObjectStyle ;не указанa;Удалённо
System Architect;https://jobs.dev.by//vacancies/20274;Playtika;не указанa;В офисе
Sales manager Qlik;https://jobs.dev.by//vacancies/23429;АРБИСИ БЕЛ;не указанa;В офисе
Unity Client Developer (Solitaire);https://jobs.dev.by//vacancies/19797;Playtika;не указанa;В офисе
HR Business Partner;https://jobs.dev.by//vacancies/23572;eWave ;не указанa;Удалённо
инженер-программист (ведущий инженер-программист)  (Node.js Developer);https://jobs.dev.by//vacancies/23324;НИИ ТЗИ ;не указанa;Удалённо
DevOps engineer (Azure);https://jobs.dev.by//vacancies/20107;Axiom Connected ;не указанa;Удалённо
Student Software Developer;https://jobs.dev.by//vacancies/23551;AlgoSec;не указанa;В офисе
Middle С++ Developer;https://jobs.dev.by//vacancies/23522;Dual Lab ;не указанa;Удалённо
Qt/C++ developer;https://jobs.dev.by//vacancies/23517;VRTek;не указанa;В офисе
Intern/Junior Ruby on Rails Developer;https://jobs.dev.by//vacancies/21722;JetThoughts ;не указанa;Удалённо
Senior Backend Software Engineer /Python/;https://jobs.dev.by//vacancies/23208;InData Labs ;не указанa;Удалённо
Middle/Senior Android Developer;https://jobs.dev.by//vacancies/23492;Forte Group ;не указанa;Удалённо
Senior iOS developer;https://jobs.dev.by//vacancies/16188;Cedon BLR ;не указанa;Удалённо
Desktop VoIP Software Engineer;https://jobs.dev.by//vacancies/23449;Rakuten Viber;не указанa;В офисе
Разработчик Power BI;https://jobs.dev.by//vacancies/22478;АРБИСИ БЕЛ ;не указанa;Удалённо
Middle/Senior Full Stack Developer (.NET + React);https://jobs.dev.by//vacancies/23110;DigiTech7;не указанa;В офисе
Product Designer (Mobile);https://jobs.dev.by//vacancies/23407;Verv ;не указанa;Удалённо
Monetization Manager (M/F);https://jobs.dev.by//vacancies/19425;Mamboo Games ;не указанa;Удалённо
Senior Frontend developer;https://jobs.dev.by//vacancies/23547;SpiralScout ;не указанa;Удалённо
Python Developer;https://jobs.dev.by//vacancies/18624;Start Matter ;не указанa;Удалённо
Trading Analyst;https://jobs.dev.by//vacancies/22027;DERIV;не указанa;В офисе
Middle Automation QA Engineer for Ciklum Digital;https://jobs.dev.by//vacancies/23627;Ciklum;не указанa;В офисе
FullStack Node.js/React (Intern) Developer;https://jobs.dev.by//vacancies/23616;SCAND;не указанa;В офисе
Senior/Middle Python Developer for Autopayments Team;https://jobs.dev.by//vacancies/23590;Parimatch Tech  ;не указанa;Удалённо
DevOps engineer;https://jobs.dev.by//vacancies/22206;TangoMe Inc.;не указанa;В офисе
разработчики Ruby on Rails на большой проект;https://jobs.dev.by//vacancies/23561;GoodSoft;не указанa;В офисе
Lead Full-Stack Dev (Node.js + Angular);https://jobs.dev.by//vacancies/23540;AIS Novations;не указанa;В офисе
Программист С++;https://jobs.dev.by//vacancies/21996;Resilio BLR;не указанa;В офисе
Middle/Senior Java developer (trainer);https://jobs.dev.by//vacancies/23516;BELHARD Academy ;не указанa;В офисе
BI Analyst;https://jobs.dev.by//vacancies/21963;Currency.com ;не указанa;Удалённо
Senior Data Engineer;https://jobs.dev.by//vacancies/23115;Currency.com ;не указанa;Удалённо
Middle Marketing Cloud BA/Consultant;https://jobs.dev.by//vacancies/23491;Parimatch Tech  ;не указанa;Удалённо
Senior Scala Developer;https://jobs.dev.by//vacancies/23307;Currency.com ;не указанa;Удалённо
Frontend Developer;https://jobs.dev.by//vacancies/23416;Forte Group;не указанa;В офисе
SMM;https://jobs.dev.by//vacancies/23431;LogicLike  ;не указанa;Удалённо
Middle SDET/AQA Engineer at Orca Security;https://jobs.dev.by//vacancies/23478;On The Spot Development;не указанa;В офисе
Middle Front-end Developer (Vue.js);https://jobs.dev.by//vacancies/22721;CactusSoft ;не указанa;Удалённо
Database Administrator;https://jobs.dev.by//vacancies/23000;DERIV;не указанa;В офисе
Salesforce Developer;https://jobs.dev.by//vacancies/23609;DataArt ;не указанa;Удалённо
С++ Game Developer;https://jobs.dev.by//vacancies/23553;Playrix ;не указанa;Удалённо
Middle Unity Developer;https://jobs.dev.by//vacancies/23498;OpenMyGame ;не указанa;Удалённо
Senior .NET Developer;https://jobs.dev.by//vacancies/23483;Forte Group;не указанa;В офисе
Middle C++ Developer;https://jobs.dev.by//vacancies/23419;Forte Group;не указанa;В офисе
Middle/ Senior DevOps Engineer;https://jobs.dev.by//vacancies/19987;ArasCorp Development Center ;не указанa;Удалённо
DevOps / Cloud Engineer;https://jobs.dev.by//vacancies/22606;ArasCorp Development Center ;не указанa;Удалённо
Senior Java Developer for Ciklum Digital;https://jobs.dev.by//vacancies/23642;Ciklum;не указанa;В офисе
Senior React Native Developer;https://jobs.dev.by//vacancies/23636;CactusSoft ;не указанa;Удалённо
Fullstack developer (C#+JS);https://jobs.dev.by//vacancies/23606;Redalpha ;не указанa;В офисе
Senior JS Full Stack Developer;https://jobs.dev.by//vacancies/23581;Opinov8 ;не указанa;Удалённо
Game UI designer;https://jobs.dev.by//vacancies/23574;Stark Games ;не указанa;Удалённо
Frontend Ember.js Developer;https://jobs.dev.by//vacancies/23562;SCAND ;не указанa;Удалённо
Senior C++ Game Developer;https://jobs.dev.by//vacancies/23552;Playrix ;не указанa;Удалённо
IT Recruiter;https://jobs.dev.by//vacancies/23332;Specific-Group ;не указанa;Удалённо
С++ developer;https://jobs.dev.by//vacancies/21607;Texode Technologies ;не указанa;В офисе
Full-stack developer (PHP, JS);https://jobs.dev.by//vacancies/19565;Axiom Connected ;не указанa;Удалённо
Стажер-разработчик (приложения под Android);https://jobs.dev.by//vacancies/22225;Яндекс;не указанa;В офисе
Ruby on Rails Developer;https://jobs.dev.by//vacancies/22988;SKDO Systems ;не указанa;Удалённо
Middle/Senior Backend .NET Developer;https://jobs.dev.by//vacancies/23436;Forte Group;не указанa;В офисе
Oracle developer;https://jobs.dev.by//vacancies/23142;lifetech;не указанa;В офисе
Python developer;https://jobs.dev.by//vacancies/23413;GeliosSoft;не указанa;В офисе
PHP developer;https://jobs.dev.by//vacancies/23412;GeliosSoft;не указанa;В офисе
Middle React Developer;https://jobs.dev.by//vacancies/23621;Forte Group;не указанa;В офисе
Senior Mobile QA;https://jobs.dev.by//vacancies/23507;Forte Group;не указанa;В офисе
Middle/Senior QA Engineer;https://jobs.dev.by//vacancies/23593;Forte Group;не указанa;В офисе
Full-Stack Engineer;https://jobs.dev.by//vacancies/23267;Stiltsoft ;не указанa;Удалённо
Middle Front-end Developer for Account&Payment Team (CIS);https://jobs.dev.by//vacancies/23576;Parimatch Tech  ;не указанa;Удалённо
Бизнес-аналитик по IT процессам;https://jobs.dev.by//vacancies/23526;"A1 (Унитарное предприятие ""А1"") ";не указанa;Удалённо
Unity Developer;https://jobs.dev.by//vacancies/23504;FreePlay ;не указанa;Удалённо
Java Developer;https://jobs.dev.by//vacancies/21962;Currency.com ;не указанa;Удалённо
Android Software Engineer;https://jobs.dev.by//vacancies/23447;Rakuten Viber;не указанa;В офисе
Android developer;https://jobs.dev.by//vacancies/19125;Resliv;не указанa;В офисе
MIDDLE/SENIOR DATA ENGINEER 2 (#14188412);https://jobs.dev.by//vacancies/23357;N-iX ;не указанa;Удалённо
Senior / Lead JavaScript developer at Orca Security;https://jobs.dev.by//vacancies/23369;On The Spot Development;не указанa;В офисе
MIDDLE/SENIOR DATA ENGINEER (#14315648);https://jobs.dev.by//vacancies/23354;N-iX ;не указанa;Удалённо
Senior Front-end Software Engineer (Awards2Go);https://jobs.dev.by//vacancies/23361;IDT Belarus ;не указанa;Удалённо
Android developer;https://jobs.dev.by//vacancies/21743;SCAND;не указанa;В офисе
Android Engineer, Navigation SDK;https://jobs.dev.by//vacancies/22610;Mapbox ;не указанa;Удалённо
Senior .NET Developer;https://jobs.dev.by//vacancies/23350;Forte Group;не указанa;В офисе
.Net Back End Developer;https://jobs.dev.by//vacancies/19793;SolbegSoft;не указанa;В офисе
Expert Hybris Developer Ciklum Digital (TUI);https://jobs.dev.by//vacancies/23343;Ciklum;не указанa;В офисе
Middle iOS Developer;https://jobs.dev.by//vacancies/22168;lifetech ;не указанa;Удалённо
.NET Developer;https://jobs.dev.by//vacancies/23349;Forte Group;не указанa;В офисе
Senior UE4 Developer;https://jobs.dev.by//vacancies/20543;Globant;не указанa;В офисе
Technical support specialist;https://jobs.dev.by//vacancies/23333;Stiltsoft ;не указанa;Удалённо
Java Developer;https://jobs.dev.by//vacancies/8411;SolbegSoft;не указанa;В офисе
Game Designer at PlayWorks;https://jobs.dev.by//vacancies/23337;On The Spot Development;не указанa;В офисе
Business Analyst;https://jobs.dev.by//vacancies/23342;СИСТЕМНЫЕ ТЕХНОЛОГИИ;не указанa;В офисе
Senior Product (UX/UI) designer;https://jobs.dev.by//vacancies/22495;Social Discovery Ventures ;не указанa;Удалённо
DevOps Engineer;https://jobs.dev.by//vacancies/20563;SolbegSoft;не указанa;В офисе
Full Stack Developer at Aura;https://jobs.dev.by//vacancies/23321;On The Spot Development;не указанa;В офисе
QA (web/mobile);https://jobs.dev.by//vacancies/23049;lifetech ;не указанa;Удалённо
Senior Test Automation Engineer;https://jobs.dev.by//vacancies/16365;Globant;не указанa;В офисе
DevOps Engineer;https://jobs.dev.by//vacancies/12850;SolbegSoft;не указанa;В офисе
Project Manager (Middle / Senior);https://jobs.dev.by//vacancies/8877;SolbegSoft;не указанa;В офисе
Tech Lead .Net / Architect at 365scores;https://jobs.dev.by//vacancies/22196;On The Spot Development;не указанa;В офисе
Technical Writer;https://jobs.dev.by//vacancies/22820;Forte Group;не указанa;В офисе
Senior Front End Engineer;https://jobs.dev.by//vacancies/23185;Forte Group;не указанa;В офисе
Middle/Senior iOS developer;https://jobs.dev.by//vacancies/22224;ОАО БПС-СБербанк ;не указанa;Удалённо
React Developer;https://jobs.dev.by//vacancies/23189;SolbegSoft;не указанa;В офисе
iOS Developer Middle;https://jobs.dev.by//vacancies/14393;SolbegSoft;не указанa;В офисе
FrontEnd developer;https://jobs.dev.by//vacancies/23167;CTDEV;не указанa;В офисе
QA Engineer;https://jobs.dev.by//vacancies/23106;Customertimes;не указанa;В офисе
Senior Frontend Developer;https://jobs.dev.by//vacancies/23280;Forte Group;не указанa;В офисе
Middle Vlocity Consultant;https://jobs.dev.by//vacancies/23271;Customertimes ;не указанa;Удалённо
Android Developer (Middle / Middle+);https://jobs.dev.by//vacancies/13016;SolbegSoft;не указанa;В офисе
React Developer;https://jobs.dev.by//vacancies/23188;SolbegSoft;не указанa;В офисе
.NET Support Engineer;https://jobs.dev.by//vacancies/23100;Forte Group ;не указанa;Удалённо
Middle/Senior Java Back-and Developer;https://jobs.dev.by//vacancies/23151;SCAND ;не указанa;Удалённо
Senior Java Full Stack Engineer;https://jobs.dev.by//vacancies/23186;Forte Group;не указанa;В офисе
Front-end Developer / React (Middle);https://jobs.dev.by//vacancies/12002;SolbegSoft;не указанa;В офисе
Lead Data Science;https://jobs.dev.by//vacancies/23124;Альфа-Банк;не указанa;В офисе
Senior iOS developer;https://jobs.dev.by//vacancies/23109;SCAND ;не указанa;Удалённо
Business development manager;https://jobs.dev.by//vacancies/22942;Cortlex;не указанa;В офисе
Senior Full-stack Developer at ironSource (Supersonic);https://jobs.dev.by//vacancies/23119;On The Spot Development ;не указанa;Удалённо
Java Engineer;https://jobs.dev.by//vacancies/22943;Forte Group;не указанa;В офисе
Android Developer;https://jobs.dev.by//vacancies/22595;Rakuten Viber;не указанa;В офисе
Back-end developer;https://jobs.dev.by//vacancies/23132;Banuba  ;не указанa;Удалённо
Разработчик .NET;https://jobs.dev.by//vacancies/23122;Альфа-Банк ;не указанa;Удалённо
Middle Python Developer;https://jobs.dev.by//vacancies/22790;Arateg ;не указанa;Удалённо
PPC manager;https://jobs.dev.by//vacancies/23101;Banuba  ;не указанa;Удалённо
РHP Tech Lead;https://jobs.dev.by//vacancies/19750;Cortlex;не указанa;В офисе
Customer Support Specialist;https://jobs.dev.by//vacancies/22051;Currency.com;не указанa;В офисе
Middle Android Developer;https://jobs.dev.by//vacancies/23296;ОАО БПС-СБербанк;не указанa;В офисе
iOS Developer Middle;https://jobs.dev.by//vacancies/14673;SolbegSoft;не указанa;В офисе
Cloud Architect;https://jobs.dev.by//vacancies/23154;CTDEV;не указанa;В офисе
Graphic designer (2D and 3D) at Supersonic Studios;https://jobs.dev.by//vacancies/23277;On The Spot Development;не указанa;В офисе
Java+Web Developer;https://jobs.dev.by//vacancies/23177;SCAND ;не указанa;Удалённо
Project manager;https://jobs.dev.by//vacancies/23313;Social Discovery Ventures ;не указанa;Удалённо
QA Automation Engineer;https://jobs.dev.by//vacancies/23274;Forte Group ;не указанa;Удалённо
Инженер-программист 1С;https://jobs.dev.by//vacancies/22418;21vek.by;не указанa;В офисе
Android Developer (Middle / Middle+);https://jobs.dev.by//vacancies/8611;SolbegSoft;не указанa;В офисе
Python developer (Data);https://jobs.dev.by//vacancies/23168;CTDEV;не указанa;В офисе
Senior Product Owner;https://jobs.dev.by//vacancies/23289;Customertimes;не указанa;В офисе
Senior PHP Developer;https://jobs.dev.by//vacancies/22413;21vek.by ;не указанa;Удалённо
Product Business Analyst;https://jobs.dev.by//vacancies/17520;Evolution;не указанa;В офисе
Front-end Developer / React (Middle);https://jobs.dev.by//vacancies/20900;SolbegSoft;не указанa;В офисе
JS Software Engineer (React);https://jobs.dev.by//vacancies/21728;Cortlex;не указанa;В офисе
Junior+ .Net Developer;https://jobs.dev.by//vacancies/23068;СИСТЕМНЫЕ ТЕХНОЛОГИИ;не указанa;В офисе
Middle Web developer;https://jobs.dev.by//vacancies/21553;ITBELCOM ;не указанa;Удалённо
Программист стажер 1С;https://jobs.dev.by//vacancies/20652;МигСофт;не указанa;В офисе
Junior/Middle FullStack Node.js/React Developer;https://jobs.dev.by//vacancies/23179;SCAND ;не указанa;Удалённо
Lead/Senior QA Engineer;https://jobs.dev.by//vacancies/23074;Finstek ;не указанa;Удалённо
Technical Product Manager;https://jobs.dev.by//vacancies/23099;IDT Belarus ;не указанa;Удалённо
Senior / Lead QA Engineer;https://jobs.dev.by//vacancies/8873;SolbegSoft;не указанa;В офисе
С++ developer;https://jobs.dev.by//vacancies/20508;Banuba ;не указанa;В офисе
Middle QA Automation Engineer;https://jobs.dev.by//vacancies/23057;Customertimes;не указанa;В офисе
Product Marketing Manager;https://jobs.dev.by//vacancies/22926;IDT Belarus ;не указанa;Удалённо
Backend Lead Engineer - Video Experiences, Technology;https://jobs.dev.by//vacancies/23020;Deltatre ;не указанa;В офисе
IT Recruiter;https://jobs.dev.by//vacancies/22889;Forte Group;не указанa;В офисе
Junior+/Middle Unity Developer;https://jobs.dev.by//vacancies/22935;On The Spot Development;не указанa;В офисе
Senior React Native Developer;https://jobs.dev.by//vacancies/22256;SCAND ;не указанa;Удалённо
Lead DevOps Engineer (Azure) - Video Experiences, Technology;https://jobs.dev.by//vacancies/23019;Deltatre ;не указанa;В офисе
Middle QA Engineer;https://jobs.dev.by//vacancies/23022;Альфа-Банк ;не указанa;Удалённо
IT Recruiter;https://jobs.dev.by//vacancies/22888;Forte Group;не указанa;В офисе
DevOps Architect (Azure) - Video Experiences, Delivery;https://jobs.dev.by//vacancies/23018;Deltatre ;не указанa;В офисе
Solution Architect Backend - Video Experiences, Technology;https://jobs.dev.by//vacancies/23017;Deltatre ;не указанa;В офисе
DevOps Engineer (Azure) - Video Experiences, Technology;https://jobs.dev.by//vacancies/22920;Deltatre ;не указанa;В офисе
QA Automation Engineer (JavaScript);https://jobs.dev.by//vacancies/22848;On The Spot Development;не указанa;В офисе
Unity Developer at Luna;https://jobs.dev.by//vacancies/22941;On The Spot Development;не указанa;В офисе
Middle / Senior Xamarin developer at Karma;https://jobs.dev.by//vacancies/22184;On The Spot Development;не указанa;В офисе
Middle QA Analyst at Via;https://jobs.dev.by//vacancies/22906;On The Spot Development;не указанa;В офисе
Senior DevOps Engineer;https://jobs.dev.by//vacancies/20932;IDT Belarus ;не указанa;Удалённо
Mid/Senior Site Reliability Engineer - Video Experiences, Technology;https://jobs.dev.by//vacancies/23021;Deltatre ;не указанa;В офисе
UI Engineering Lead - Video Experiences, Technology;https://jobs.dev.by//vacancies/23016;Deltatre ;не указанa;В офисе
Full-Stack Web (PHP+Angular) Developer;https://jobs.dev.by//vacancies/22839;SCAND ;не указанa;Удалённо
Middle QA (web, manual);https://jobs.dev.by//vacancies/23028;СИСТЕМНЫЕ ТЕХНОЛОГИИ;не указанa;В офисе
Business analyst;https://jobs.dev.by//vacancies/22407;21vek.by ;не указанa;Удалённо
Middle Ruby Developer at Karma;https://jobs.dev.by//vacancies/22185;On The Spot Development;не указанa;В офисе
Systems Engineer / SRE;https://jobs.dev.by//vacancies/22804;Evolution;не указанa;В офисе
QA;https://jobs.dev.by//vacancies/22723;ОАО БПС-СБербанк;не указанa;В офисе
Senior QA (big data);https://jobs.dev.by//vacancies/22798;Globant ;не указанa;Удалённо
Senior Software Engineer (net2phone, Messenger);https://jobs.dev.by//vacancies/21043;IDT Belarus ;не указанa;Удалённо
DevOps инженер;https://jobs.dev.by//vacancies/19415;Customertimes;не указанa;В офисе
Middle/Senior JavaScript Developer at Orca Security;https://jobs.dev.by//vacancies/22660;On The Spot Development;не указанa;В офисе
Python Developer;https://jobs.dev.by//vacancies/22795;SCAND ;не указанa;Удалённо
Middle С/С++ developer;https://jobs.dev.by//vacancies/20989;SCAND;не указанa;В офисе
Shopify Developer;https://jobs.dev.by//vacancies/19789;SolbegSoft;не указанa;В офисе
Process Master;https://jobs.dev.by//vacancies/17241;Evolution;не указанa;В офисе
Senior Application Support Specialist;https://jobs.dev.by//vacancies/20877;IDT Belarus ;не указанa;Удалённо
C++ Developer (Middle / Senior);https://jobs.dev.by//vacancies/9763;SolbegSoft;не указанa;В офисе
C++ Developer (Middle / Senior);https://jobs.dev.by//vacancies/8878;SolbegSoft;не указанa;В офисе
Lead/Senior Java Developer;https://jobs.dev.by//vacancies/20431;SCAND;не указанa;В офисе
Technical Support Engineer;https://jobs.dev.by//vacancies/16151;IDT Belarus ;не указанa;Удалённо
Middle/Senior Backend Software Engineer (Go, Kotlin);https://jobs.dev.by//vacancies/20766;IDT Belarus ;не указанa;Удалённо
Senior Technical Support Engineer;https://jobs.dev.by//vacancies/20566;Finstek ;не указанa;Удалённо
React Native Developer (Startup);https://jobs.dev.by//vacancies/21458;Finstek ;не указанa;Удалённо
React Native developer;https://jobs.dev.by//vacancies/21248;Finstek ;не указанa;Удалённо
Data Warehouse/BI Lead Developer;https://jobs.dev.by//vacancies/19225;Finstek ;не указанa;Удалённо
Frontend developer at Musiko;https://jobs.dev.by//vacancies/22450;On The Spot Development;не указанa;В офисе
Python Developer at Via;https://jobs.dev.by//vacancies/22550;On The Spot Development;не указанa;В офисе
Senior Ruby Developer at Karma;https://jobs.dev.by//vacancies/22182;On The Spot Development;не указанa;В офисе
Fullstack Engineer at Luna;https://jobs.dev.by//vacancies/22385;On The Spot Development;не указанa;В офисе
Salesforce Developer;https://jobs.dev.by//vacancies/22327;Forte Group;не указанa;В офисе
Senior Java Full Stack Developer for Hyla Mobile;https://jobs.dev.by//vacancies/22452;Ciklum;не указанa;В офисе
Senior Salesforce Developer;https://jobs.dev.by//vacancies/22442;Globant ;не указанa;Удалённо
Middle QA Engineer;https://jobs.dev.by//vacancies/22084;ID Finance ;не указанa;Удалённо
Middle Front End Developer for Evrythng;https://jobs.dev.by//vacancies/21690;Ciklum;не указанa;В офисе
Senior Full Stack Software Engineer (React & Node.js);https://jobs.dev.by//vacancies/22545;IDT Belarus ;не указанa;Удалённо
Game designer;https://jobs.dev.by//vacancies/22332;Banuba  ;не указанa;Удалённо
JavaScript Developer (vue.js/react/angular);https://jobs.dev.by//vacancies/14053;Epicmax ;не указанa;Удалённо
Senior Xamarin Developer;https://jobs.dev.by//vacancies/22534;Forte Group;не указанa;В офисе
Microsoft Power platform Developer;https://jobs.dev.by//vacancies/21583;EVOKE Systems ;не указанa;В офисе
Ruby developer;https://jobs.dev.by//vacancies/23673;Netex Consulting;не указанa;В офисе
Project Manager;https://jobs.dev.by//vacancies/22399;ОАО БПС-СБербанк;не указанa;В офисе
Senior React Native Developer;https://jobs.dev.by//vacancies/22440;Globant ;не указанa;Удалённо
DevOps Engineer;https://jobs.dev.by//vacancies/23536;Parimatch Tech  ;не указанa;Удалённо
Automation QA Engineer (С#);https://jobs.dev.by//vacancies/23709;Forte Group;не указанa;В офисе
Sysadmin;https://jobs.dev.by//vacancies/23703;ООО Электронные системы и сервисы ;не указанa;Удалённо
Java Developer (Consulting sphere);https://jobs.dev.by//vacancies/23082;ISsoft;не указанa;В офисе
Full-Stack JS Developer;https://jobs.dev.by//vacancies/23462;Klika Tech ;не указанa;Удалённо
Project manager;https://jobs.dev.by//vacancies/22593;Amasty ;не указанa;Удалённо
Middle .Net Developer for Payment Integrations Team;https://jobs.dev.by//vacancies/23686;Parimatch Tech  ;не указанa;Удалённо
WordPress Developer / Admin;https://jobs.dev.by//vacancies/22392;Finstek ;не указанa;Удалённо
Full Stack Developer for EverC;https://jobs.dev.by//vacancies/21590;Ciklum;не указанa;В офисе
Middle/Senior Mobile QA;https://jobs.dev.by//vacancies/22877;Forte Group;не указанa;В офисе
Data Engineer (Python Developer) Middle, Senior;https://jobs.dev.by//vacancies/22437;21vek.by ;не указанa;Удалённо
Senior Java Developer for EverC;https://jobs.dev.by//vacancies/22366;Ciklum;не указанa;В офисе
Machine Learning Engineer (Middle, Senior);https://jobs.dev.by//vacancies/22431;21vek.by ;не указанa;Удалённо
C++ developer;https://jobs.dev.by//vacancies/23707;Runa Systems;не указанa;В офисе
Unity Team Lead;https://jobs.dev.by//vacancies/23708;Zephyr Mobile ;не указанa;Удалённо
Resource Manager Assistant;https://jobs.dev.by//vacancies/22683;Forte Group;не указанa;В офисе
Sen/Mid UX / UI designer;https://jobs.dev.by//vacancies/23135;BldSoft;не указанa;В офисе
Unity Developer at Luna;https://jobs.dev.by//vacancies/22330;On The Spot Development;не указанa;В офисе
.NET Expert;https://jobs.dev.by//vacancies/23684;FLLC SEAVUS ;не указанa;Удалённо
Android developer;https://jobs.dev.by//vacancies/19924;Banuba ;не указанa;В офисе
Expert JavaScript Developer for Ciklum Digital (TUI);https://jobs.dev.by//vacancies/22254;Ciklum;не указанa;В офисе
Senior QA Engineer;https://jobs.dev.by//vacancies/23688;Indy ;не указанa;Удалённо
Senior PHP developer;https://jobs.dev.by//vacancies/21866;SpiralScout ;не указанa;Удалённо
Middle/Junior Full Stack Software Engineer (Node.js + React);https://jobs.dev.by//vacancies/22544;IDT Belarus ;не указанa;Удалённо
Front-End developer at Karma;https://jobs.dev.by//vacancies/23689;On The Spot Development;не указанa;В офисе
Senior.NET Developer;https://jobs.dev.by//vacancies/21956;SCAND ;не указанa;Удалённо
.NET Developer;https://jobs.dev.by//vacancies/19390;SCAND;не указанa;В офисе
Copywriter;https://jobs.dev.by//vacancies/22239;IDT Belarus ;не указанa;Удалённо
Full Stack ASP.NET Developer;https://jobs.dev.by//vacancies/19368;SCAND;не указанa;В офисе
Group manager;https://jobs.dev.by//vacancies/20044;Playtika;не указанa;В офисе
Java Technical Lead;https://jobs.dev.by//vacancies/19720;Playtika;не указанa;В офисе
Senior Business Analyst;https://jobs.dev.by//vacancies/23672;Forte Group;не указанa;В офисе
Embedded Developer;https://jobs.dev.by//vacancies/23075;Firedome ;не указанa;Удалённо
Middle .NET Developer;https://jobs.dev.by//vacancies/23667;Forte Group;не указанa;В офисе
IOS Developer;https://jobs.dev.by//vacancies/21273;BP Mobile ;не указанa;Удалённо
Android developer;https://jobs.dev.by//vacancies/23260;"ООО ""ФоксТри""";не указанa;В офисе
C# / C++ Developer (Middle);https://jobs.dev.by//vacancies/18484;Atomicus ;не указанa;Удалённо
Middle+/Senior FullStack Java Developer;https://jobs.dev.by//vacancies/22972;SaM Solutions ;не указанa;Удалённо
Senior System Administrator;https://jobs.dev.by//vacancies/23602;NEKLO ;не указанa;Удалённо
